1,There was a thick film of dust on every exposed surface; rubbish and the carcass of some small animal had liecn swept carelessly into a corner.
1,There's nothing under here except a large amount of mineral salts and other rubbish that's no use to us.
1,I dropped the satin rubbish on the floor, because it could only hamper me.
1,Like a man possessed he hurried around the room, tumbling rubbish and papers into piles and igniting them with his pocket lighter.
1,Rubbish and offal filled the corners.
1,A rock crashed off the rearview window and for an instant a hail of rubbish banged and clattered.
1,I've got a small flashlight and we grope through a pile of rubbish, out into a corridor.
1,He was hungry now as he walked through the alley, his eyes shifting lusterlessly from one heap of rubbish to the next.
1,Cold morning wind whipped around the rubbish that littered the deserted inter-system field at the rim of the syndrome.
1,They adjourned with an order strictly forbidding suburbanite burning of rubbish.
1,But your clothes have been cleaned off the field along with all the rubbish of our shriek; the officials are already preparing for the next one.
1,Overgrown with trees and smothering in its own dust, it was hardly more than a centuries-old rubbish heap now.
1,And the winds swept away from the picture the rubbish, the shovel and many of the objects.
1,The garbage collector passed slowly along it every hour, collecting all the rubbish that chanced to be there.
1,I put everything down and poked assiduously in the rubbish in back with the broomstick handle and even lit a fire with some of the litter I found outside, thrusting burning stuff into the back of the cave in several places.
1,I scrambled up the slope outside, trying not to touch anything in the rubbish.
1,The intense, yellow-white light stared pitilessly down on a gently swelling floor of seawater, out of which rose, to the right of where the plane sat in the shallows, a derelict pile of rubbish reaching roughly a third of the way to the roof.
1,The most important precaution is to remove and reduce trash and rubbish from your property,
1,Don't bury rubbish like cans, plastic bottles or broken glass. It is often dug out by native animals and may harm them.
1,The mice had their own society, using rubbish thrown away by humans.
1,Because of this, in 1532 a Stannary Court decree ordained that all rubbish should be deposited in old Hatches, Tipittes, miry Places, or other convenient Places away from the main streams.
1,Today the old nir looks half-abandoned and out of place in its current setting, with broken down cars parked haphazardly and rubbish lying around.
1,The fine or punishment is normally defined by the local council that operates in the local area that the rubbish was dumped in.
1,Around four fifths of oceanic debris is from rubbish blown onto the water from landfills, and urban runoff.
1,Moreover, with recent increases in tourism on the island, new sources of hard rubbish have begun to appear.
2,Wendy wouldn't be sucked in by a load of specious rubbish spouted by a cracked demagogue hungry for martyrdom.
2,"Oh, let's Stop talking rubbish," she cried.
2,There Is an awful lot of rubbish published.
2,"You talk rubbish, old man," the young man said, but he sounded uneasy.
2,"You believed all that rubbish you told Tylo about what the Federation really wants, didn't you?"
2,The words, the history books, the ideas, the science -- Underhill could sense all that in his own mind, reflected back from Captain Wow's mind, as so much rubbish.
2,What kind of rubbish have you been reading?"
2,I'm talking sense and rubbish at the same time.
2,Good riddance to childish rubbish.
2,Now there's been so much rubbish written about how Ben's vaccine is either the world's worst disaster or else its greatest hope that I thought I'd wind this up by telling what really happened down here.
2,"Your confession is the biggest pile of rubbish I've read in my life.
2,All he did was mutter, 'That golden shape on the golden steps, that music, that me is a true me, that golden shape, that golden shape, I want to be with that golden shape,' and rubbish like that.
2,"She's talking rubbish," I said, but already a few voices in the crowd shouted that she was merely spreading rumor.
2,To Colonel Smith's question about the possibility of an "overkill" if such and such size bomb dropped on such and such enemy city the answer came back, "Rubbish.
2,Our sense of humour and perception of what's good and what's rubbish are uncommonly in tune.
2,She criticised stories in the magazine as absolute rubbish and ridiculously alarmist.
2,Using his Twitter account, he derided the language as being an old, unadaptive language with relatively few words for things and Gaelic poetry as basically doggerel and and mainly a bit of rubbish.
2,She described the psychoanalyzing of dogs as a lot of rubbish.
2,After the performance he declared'' Such rubbish should never have been written''
2,But this new book is wretched; a high-varnished preface to a heap of rubbish, in a very vulgar style, and too void of method even for such a farrago.
2,I am not going to write any more of that bloody rubbish with those idiots.
2,However, its production at the Metropolitan Opera in New York City in 1890 inspired dismal reviews, with one spectator commenting that its music was simply rubbish.
2,Judge Hlophe was reported to have rejected the allegations as utter rubbish and as another ploy to damage his reputation.
2,In October 2007, Bald expressed a desire to leave Celtic stating I don't want to be at a club where I am not wanted, but I want to make clear it is rubbish to say I am just taking the money.
2,Intelligent design should be viewed as a ground-clearing operation that gets rid of the intellectual rubbish that for generations has kept Christianity from receiving serious consideration.
1,The streets were littered with rubbish after the parade.
1,Please dispose of your rubbish in the designated bins.
1,The smell of rubbish wafted through the air on hot summer days.
1,The beach was marred by the presence of scattered rubbish.
1,He cleaned out the garage, throwing away years of accumulated rubbish.
1,The overflowing rubbish bin attracted swarms of flies.
1,Recycling helps reduce the amount of rubbish in landfills.
1,The city implemented strict penalties for improper rubbish disposal.
1,Tourists were reminded to respect the environment and not leave rubbish behind.
1,A stray dog rummaged through the rubbish in search of food.
1,The neighborhood organized a clean-up day to eliminate rubbish from public spaces.
1,The children created art from recycled rubbish for a school project.
1,The park was pristine, thanks to the efforts of volunteers picking up rubbish.
1,The bin men came weekly to collect household rubbish.
1,Rats were attracted to the piles of rubbish in the alley.
1,The smell of burning rubbish lingered in the air.
1,Environmentalists campaigned for the reduction of single-use plastics to minimize rubbish.
1,The landfill was a vast expanse of discarded rubbish.
1,A strong wind scattered rubbish across the empty lot.
1,Residents were encouraged to compost organic waste to reduce rubbish volume.
1,The park had signs urging visitors to dispose of their rubbish responsibly.
1,The landfill site was reaching its capacity due to an increase in household rubbish.
1,The riverbanks were polluted with floating rubbish.
1,The council provided educational programs to raise awareness about proper rubbish disposal.
1,The rubbish truck made its rounds, collecting bins from every household.
1,Overflowing rubbish bins were a common sight during the summer festival.
1,Seagulls scavenged for food among the piles of rubbish near the harbor.
1,The campaign aimed to teach children the importance of not littering rubbish.
1,A diligent janitor swept the streets, collecting rubbish left behind by careless pedestrians.
1,The construction site was filled with discarded materials and construction rubbish.
1,The park had a strict policy against littering rubbish, enforced with fines.
1,The homeless man searched through the rubbish for anything salvageable.
1,A strong community effort resulted in a rubbish-free picnic area.
1,The alley was dimly lit, revealing piles of rubbish in the corners.
1,Environmentalists advocated for policies to reduce industrial rubbish.
1,The coastal cleanup attracted volunteers eager to remove rubbish from the shore.
1,The school implemented a waste segregation program to manage different types of rubbish.
1,The campaign slogan urged citizens to "think twice before tossing rubbish."
1,A dedicated team of volunteers organized a monthly rubbish collection event.
1,Public spaces were adorned with bins for convenient rubbish disposal.
1,The environmental club organized workshops on creative ways to repurpose rubbish.
1,The landfill emitted a noxious odor due to decomposing rubbish.
1,The city invested in advanced waste management systems to handle increasing rubbish.
1,The campaign emphasized the impact of rubbish on marine life and ecosystems.
1,The river cleanup crew wore gloves and waded through the water to collect rubbish.
1,The plastic bag ban aimed to reduce the amount of rubbish in the environment.
1,A responsible camper ensured that no rubbish was left behind at the campsite.
1,The playground was temporarily closed for maintenance to remove rubbish.
1,The recycling plant processed various materials, separating them from general rubbish.
1,The documentary highlighted the global issue of ocean pollution caused by rubbish.
1,A team of volunteers embarked on a mission to clear rubbish from hiking trails.
1,The educational program taught students the consequences of improper rubbish disposal.
1,A public awareness campaign encouraged citizens to report instances of illegal rubbish dumping.
1,The neighborhood association organized a competition for the most creative rubbish sculpture.
1,The city council collaborated with local businesses to reduce commercial rubbish.
1,The seaside cleanup yielded bags of rubbish collected by enthusiastic volunteers.
1,The rubbish collection schedule was adjusted to accommodate the increased holiday waste.
1,The community garden composted organic waste, minimizing the generation of rubbish.
1,The company implemented a zero-waste policy to eliminate office rubbish.
1,The street sweeper maneuvered through the narrow lanes, collecting rubbish along the way.
1,The environmental impact assessment addressed the potential consequences of industrial rubbish.
1,The composting facility turned organic waste into nutrient-rich soil, reducing overall rubbish.
1,The recycling center accepted a wide range of materials to divert them from becoming rubbish.
1,An initiative was launched to install more rubbish bins in public spaces.
1,The city park had dedicated zones for different types of rubbish disposal.
1,The school assembly emphasized the importance of not bullying classmates or littering rubbish.
1,The cleanup crew wore protective gear while removing hazardous rubbish from the site.
1,The eco-friendly packaging aimed to reduce the amount of rubbish generated by consumers.
1,The apartment complex implemented a green initiative to reduce overall rubbish production.
1,The city's waste management plan focused on reducing rubbish through sustainable practices.
1,The wildlife reserve had strict guidelines to ensure visitors did not leave behind any rubbish.
1,The campaign encouraged businesses to adopt environmentally friendly practices to minimize rubbish.
1,The international conference addressed global strategies to tackle the growing problem of rubbish.
1,The city's green spaces were enhanced by the absence of visible rubbish.
1,The construction site had designated areas for the segregation and disposal of construction rubbish.
1,The mountain trail was pristine, thanks to hikers who carried out their rubbish.
1,The community center organized workshops on upcycling rubbish into useful items.
1,The city's waste reduction goal aimed to cut overall rubbish by 50% within the next decade.
1,The river restoration project involved removing accumulated rubbish to restore the ecosystem.
1,The city's waste-to-energy plant converted rubbish into electricity, promoting sustainable practices.
1,The school initiated a "no rubbish in classrooms" policy to instill cleanliness habits in students.
1,The campaign encouraged citizens to participate in neighborhood cleanups to eliminate rubbish.
1,The new housing development incorporated sustainable practices to minimize construction rubbish.
1,The neighborhood watch committee ensured that public spaces remained free of rubbish.
1,The anti-littering campaign emphasized the responsibility of each citizen in reducing rubbish.
1,The mobile rubbish collection unit serviced remote areas where traditional collection methods were challenging.
1,The city's annual Earth Day celebration included a massive rubbish cleanup event.
1,The artist created sculptures from discarded rubbish to raise awareness about waste.
1,The local market implemented a zero-waste policy, minimizing the generation of rubbish.
1,The eco-conscious event organizers provided compostable plates and utensils to reduce rubbish.
1,The city council encouraged residents to participate in a monthly rubbish audit to track waste reduction.
1,The school cafeteria adopted sustainable practices, reducing overall rubbish from lunch packaging.
1,The mountain climbers packed out all their rubbish, leaving the peak as pristine as they found it.
1,The alleyway was transformed into a vibrant mural, masking the piles of rubbish behind it.
1,The city's waste management initiative included educational programs to teach children about responsible rubbish disposal.
1,The cleanup crew donned hazmat suits to safely remove hazardous rubbish from the site.
1,The city's environmental policy aimed to create a circular economy, minimizing the impact of rubbish.
1,The composting program in the community garden turned kitchen scraps into valuable soil, reducing overall rubbish.
1,The neighborhood association organized a neighborhood-wide yard sale, reducing the amount of household rubbish.
1,The city's green spaces flourished as citizens actively participated in rubbish reduction initiatives.
1,scarded rubbish lined the curbs after the busy weekend market.
1,Residents were urged to segregate recyclables from general rubbish.
1,Among the ruins, remnants of rubbish told the story of a forgotten civilization.
1,In the neglected alley, heaps of rubbish accumulated over time.
1,Overflowing bins signaled the need for an immediate rubbish pickup.
1,Along the riverbank, a trail of rubbish revealed the extent of pollution.
1,Children played near the dumpsite, unaware of the dangers posed by decomposing rubbish.
1,Underneath the bridge, a makeshift shelter was constructed from discarded rubbish.
1,Abandoned lots became dumping grounds for construction rubbish.
1,Amidst the foliage, hidden rubbish spoiled the tranquility of the forest.
1,Strewn rubbish in the playground prompted a community cleanup initiative.
1,Stacks of old newspapers and magazines constituted a mountain of rubbish in the attic.
1,Behind the grocery store, employees diligently sorted rubbish for recycling.
1,Forgotten alleyways served as clandestine spots for illegal rubbish dumping.
1,A stray cat rummaged through the rubbish bins in search of a meal.
1,Hidden beneath the surface, buried rubbish posed a threat to groundwater quality.
1,Forgotten corners of the warehouse harbored decades-old rubbish.
1,Upon closer inspection, the beautiful beach was marred by washed-up rubbish.
1,Discarded wrappers and bottles dotted the landscape, evidence of careless rubbish disposal.
1,Through community efforts, the neglected park transformed from a rubbish hotspot to a green oasis.
1,Strewn across the industrial site, construction rubbish impeded progress.
1,Unattended vacant lots became breeding grounds for pests attracted to accumulated rubbish.
1,Tucked away in the garage, forgotten rubbish awaited disposal.
1,Amidst the urban sprawl, pockets of nature were tainted by scattered rubbish.
1,Volunteers combed through the forest, collecting rubbish left by careless campers.
1,Forgotten corners of the warehouse stored obsolete equipment and electronic rubbish.
1,Hidden in the shadows, the alleyway concealed a trove of discarded rubbish.
1,The neglected courtyard transformed into a vibrant space after the removal of rubbish.
1,Leftover party decorations became rubbish strewn across the event venue.
1,Intermittent rain washed rubbish into the storm drains, causing blockages.
1,Neglected corners of the city park served as hotspots for illegal rubbish dumping.
1,Discarded appliances and furniture contributed to the growing pile of rubbish in the backyard.
1,Hidden beneath layers of vegetation, rubbish from an abandoned campsite was revealed.
1,Overflowing bins along the hiking trail signaled a need for more frequent rubbish collection.
1,Forgotten alleyways concealed a labyrinth of rubbish and debris.
1,Hidden in plain sight, the neglected riverbank concealed a trove of rubbish.
1,Discarded fast food containers and wrappers marred the beauty of the scenic overlook.
1,Tossed from passing cars, rubbish accumulated along the roadside.
1,The neglected courtyard underwent a transformation after the removal of accumulated rubbish.
1,Behind the industrial complex, piles of discarded machinery constituted a graveyard of rubbish.
1,Forgotten corners of the attic held relics of the past, now considered rubbish.
1,In the abandoned warehouse, rubbish accumulated over the years.
1,Hidden behind the facade of progress, construction sites amassed piles of construction rubbish.
1,Unattended street corners became breeding grounds for rubbish and vermin.
1,The neglected garden transformed into a blooming paradise after the removal of accumulated rubbish.
1,Overflowing bins near the bus stop attracted the attention of concerned citizens.
1,Hidden beneath the surface, buried rubbish threatened the integrity of the archaeological site.
1,Among the cobblestone streets, pockets of rubbish revealed the city's neglect.
1,Discarded plastic bottles and wrappers marred the beauty of the scenic trail.
1,Hidden behind the facade of modernity, the city struggled with the challenge of managing electronic rubbish.
1,Forgotten alleyways served as clandestine spots for illicit rubbish disposal.
1,Overflowing bins near the school gate prompted a call for increased rubbish collection.
1,Discarded tires and car parts littered the abandoned industrial lot, creating a haven for rubbish.
1,Tucked away in the attic, old furniture and broken appliances constituted a forgotten stash of rubbish.
1,Hidden beneath the layers of undergrowth, rubbish revealed the neglect of the once-majestic garden.
1,Unattended lots became havens for rubbish, attracting pests and vermin.
1,Amidst the quiet neighborhood, piles of rubbish accumulated in overlooked corners.
1,Forgotten corners of the warehouse stored remnants of obsolete machinery and electronic rubbish.
1,Overflowing bins in the market square signaled the need for more frequent rubbish collection.
1,Hidden behind the vibrant facade of the city, pockets of rubbish tainted the urban landscape.
1,Discarded food containers and wrappers marred the serenity of the park.
1,Neglected alleys concealed troves of rubbish, contributing to urban decay.
1,Tossed from passing cars, rubbish accumulated along the scenic highway.
1,The neglected garden underwent a transformation after the removal of accumulated rubbish.
1,Hidden beneath layers of vegetation, rubbish from an abandoned campsite was revealed.
1,Overflowing bins near the school gate prompted a call for increased rubbish collection.
1,Discarded tires and car parts littered the abandoned industrial lot, creating a haven for rubbish.
1,Tucked away in the attic, old furniture and broken appliances constituted a forgotten stash of rubbish.
1,Hidden beneath the layers of undergrowth, rubbish revealed the neglect of the once-majestic garden.
1,Unattended lots became havens for rubbish, attracting pests and vermin.
1,Amidst the quiet neighborhood, piles of rubbish accumulated in overlooked corners.
1,Forgotten corners of the warehouse stored remnants of obsolete machinery and electronic rubbish.
1,Overflowing bins in the market square signaled the need for more frequent rubbish collection.
1,Hidden behind the vibrant facade of the city, pockets of rubbish tainted the urban landscape.
1,Discarded food containers and wrappers marred the serenity of the park.
1,Neglected alleys concealed troves of rubbish, contributing to urban decay.
1,Tossed from passing cars, rubbish accumulated along the scenic highway.
1,The neglected garden underwent a transformation after the removal of accumulated rubbish.
1,Hidden beneath layers of vegetation, rubbish from an abandoned campsite was revealed.
1,Overflowing bins near the school gate prompted a call for increased rubbish collection.
1,Discarded tires and car parts littered the abandoned industrial lot, creating a haven for rubbish.
1,Tucked away in the attic, old furniture and broken appliances constituted a forgotten stash of rubbish.
1,Hidden beneath the layers of undergrowth, rubbish revealed the neglect of the once-majestic garden.
1,Unattended lots became havens for rubbish, attracting pests and vermin.
1,Amidst the quiet neighborhood, piles of rubbish accumulated in overlooked corners.
1,Forgotten corners of the warehouse stored remnants of obsolete machinery and electronic rubbish.
1,Overflowing bins in the market square signaled the need for more frequent rubbish collection.
1,Hidden behind the vibrant facade of the city, pockets of rubbish tainted the urban landscape.
1,Discarded food containers and wrappers marred the serenity of the park.
1,Neglected alleys concealed troves of rubbish, contributing to urban decay.
1,Tossed from passing cars, rubbish accumulated along the scenic highway.
1,The neglected garden underwent a transformation after the removal of accumulated rubbish.
1,Hidden beneath layers of vegetation, rubbish from an abandoned campsite was revealed.
1,Overflowing bins near the school gate prompted a call for increased rubbish collection.
1,Discarded tires and car parts littered the abandoned industrial lot, creating a haven for rubbish.
1,Tucked away in the attic, old furniture and broken appliances constituted a forgotten stash of rubbish.
1,Hidden beneath the layers of undergrowth, rubbish revealed the neglect of the once-majestic garden.
1,Unattended lots became havens for rubbish, attracting pests and vermin.
1,Amidst the quiet neighborhood, piles of rubbish accumulated in overlooked corners.
1,Forgotten corners of the warehouse stored remnants of obsolete machinery and electronic rubbish.
1,Neglected corners of the city concealed pockets of discarded rubbish.
1,Within the abandoned building, rooms were filled with forgotten rubbish.
1,Discarded packaging and wrappers marred the beauty of the suburban streets.
1,In the forgotten alley, remnants of rubbish told tales of neglect.
1,Overflowing bins near the market entrance prompted immediate attention.
1,Hidden beneath the surface, buried rubbish posed environmental concerns.
1,Discarded electronic devices became hazardous rubbish in the landfill.
1,Forgotten nooks of the park harbored heaps of unattended rubbish.
1,Behind the convenience store, a mountain of rubbish hinted at poor waste management.
1,Tucked away in the basement, forgotten items transformed into rubbish over time.
1,Abandoned lots served as breeding grounds for pests attracted to dumped rubbish.
1,The neglected riverbanks revealed the ecological impact of accumulated rubbish.
1,Overflowing dumpsters in the industrial area demanded urgent rubbish removal.
1,Amidst the urban sprawl, neglected alleys were breeding grounds for rubbish.
1,Hidden beneath the surface, remnants of buried rubbish were unearthed during construction.
1,Discarded furniture and appliances created an eyesore in the abandoned house.
1,Forgotten corners of the warehouse stored obsolete machinery and electronic rubbish.
1,Overflowing bins near the school gate prompted immediate rubbish collection.
1,Hidden behind the facade of progress, rubbish accumulated in overlooked corners.
1,Discarded plastic bottles and wrappers marred the beauty of the scenic trail.
1,Neglected alleyways concealed troves of rubbish, contributing to urban decay.
1,Tossed from passing cars, rubbish accumulated along the scenic highway.
1,The neglected garden underwent a transformation after the removal of accumulated rubbish.
1,Hidden beneath layers of vegetation, rubbish from an abandoned campsite was revealed.
1,Overflowing bins near the school gate prompted a call for increased rubbish collection.
1,Discarded tires and car parts littered the abandoned industrial lot, creating a haven for rubbish.
1,Tucked away in the attic, old furniture and broken appliances constituted a forgotten stash of rubbish.
1,Hidden beneath the layers of undergrowth, rubbish revealed the neglect of the once-majestic garden.
1,Unattended lots became havens for rubbish, attracting pests and vermin.
1,Amidst the quiet neighborhood, piles of rubbish accumulated in overlooked corners.
1,Forgotten corners of the warehouse stored remnants of obsolete machinery and electronic rubbish.
1,Overflowing bins in the market square signaled the need for more frequent rubbish collection.
1,Hidden behind the vibrant facade of the city, pockets of rubbish tainted the urban landscape.
1,Discarded food containers and wrappers marred the serenity of the park.
1,Neglected alleys concealed troves of rubbish, contributing to urban decay.
1,Tossed from passing cars, rubbish accumulated along the scenic highway.
1,The neglected garden underwent a transformation after the removal of accumulated rubbish.
1,Hidden beneath layers of vegetation, rubbish from an abandoned campsite was revealed.
1,Overflowing bins near the school gate prompted a call for increased rubbish collection.
1,Discarded tires and car parts littered the abandoned industrial lot, creating a haven for rubbish.
1,Tucked away in the attic, old furniture and broken appliances constituted a forgotten stash of rubbish.
1,Hidden beneath the layers of undergrowth, rubbish revealed the neglect of the once-majestic garden.
1,Unattended lots became havens for rubbish, attracting pests and vermin.
1,Amidst the quiet neighborhood, piles of rubbish accumulated in overlooked corners.
1,Forgotten corners of the warehouse stored remnants of obsolete machinery and electronic rubbish.
1,Overflowing bins in the market square signaled the need for more frequent rubbish collection.
1,Hidden behind the vibrant facade of the city, pockets of rubbish tainted the urban landscape.
1,Discarded food containers and wrappers marred the serenity of the park.
1,Neglected alleys concealed troves of rubbish, contributing to urban decay.
1,Tossed from passing cars, rubbish accumulated along the scenic highway.
1,The neglected garden underwent a transformation after the removal of accumulated rubbish.
1,Hidden beneath layers of vegetation, rubbish from an abandoned campsite was revealed.
1,Overflowing bins near the school gate prompted a call for increased rubbish collection.
1,Discarded tires and car parts littered the abandoned industrial lot, creating a haven for rubbish.
1,Tucked away in the attic, old furniture and broken appliances constituted a forgotten stash of rubbish.
1,Hidden beneath the layers of undergrowth, rubbish revealed the neglect of the once-majestic garden.
1,Unattended lots became havens for rubbish, attracting pests and vermin.
1,Amidst the quiet neighborhood, piles of rubbish accumulated in overlooked corners.
1,Forgotten corners of the warehouse stored remnants of obsolete machinery and electronic rubbish.
1,Overflowing bins in the market square signaled the need for more frequent rubbish collection.
1,Hidden behind the vibrant facade of the city, pockets of rubbish tainted the urban landscape.
1,Discarded food containers and wrappers marred the serenity of the park.
1,Neglected alleys concealed troves of rubbish, contributing to urban decay.
1,Tossed from passing cars, rubbish accumulated along the scenic highway.
1,The neglected garden underwent a transformation after the removal of accumulated rubbish.
1,Hidden beneath layers of vegetation, rubbish from an abandoned campsite was revealed.
1,Overflowing bins near the school gate prompted a call for increased rubbish collection.
1,Discarded tires and car parts littered the abandoned industrial lot, creating a haven for rubbish.
1,Tucked away in the attic, old furniture and broken appliances constituted a forgotten stash of rubbish.
1,Hidden beneath the layers of undergrowth, rubbish revealed the neglect of the once-majestic garden.
1,Unattended lots became havens for rubbish, attracting pests and vermin.
1,Amidst the quiet neighborhood, piles of rubbish accumulated in overlooked corners.
1,Forgotten corners of the warehouse stored remnants of obsolete machinery and electronic rubbish.
1,Overflowing bins in the market square signaled the need for more frequent rubbish collection.
1,Hidden behind the vibrant facade of the city, pockets of rubbish tainted the urban landscape.
1,Discarded food containers and wrappers marred the serenity of the park.
1,Neglected alleys concealed troves of rubbish, contributing to urban decay.
1,Tossed from passing cars, rubbish accumulated along the scenic highway.
1,The neglected garden underwent a transformation after the removal of accumulated rubbish.
1,Hidden beneath layers of vegetation, rubbish from an abandoned campsite was revealed.
1,Overflowing bins near the school gate prompted a call for increased rubbish collection.
1,Discarded tires and car parts littered the abandoned industrial lot, creating a haven for rubbish.
1,Tucked away in the attic, old furniture and broken appliances constituted a forgotten stash of rubbish.
1,Hidden beneath the layers of undergrowth, rubbish revealed the neglect of the once-majestic garden.
1,Unattended lots became havens for rubbish, attracting pests and vermin.
1,Amidst the quiet neighborhood, piles of rubbish accumulated in overlooked corners.
1,Forgotten corners of the warehouse stored remnants of obsolete machinery and electronic rubbish.
1,Overflowing bins in the market square signaled the need for more frequent rubbish collection.
1,Hidden behind the vibrant facade of the city, pockets of rubbish tainted the urban landscape.
1,Discarded food containers and wrappers marred the serenity of the park.
1,Neglected alleys concealed troves of rubbish, contributing to urban decay.
1,Tossed from passing cars, rubbish accumulated along the scenic highway.
1,The neglected garden underwent a transformation after the removal of accumulated rubbish.
1,Hidden beneath layers of vegetation, rubbish from an abandoned campsite was revealed.
1,Overflowing bins near the school gate prompted a call for increased rubbish collection.
1,Discarded tires and car parts littered the abandoned industrial lot, creating a haven for rubbish.
1,Tucked away in the attic, old furniture and broken appliances constituted a forgotten stash of rubbish.
1,Hidden beneath the layers of undergrowth, rubbish revealed the neglect of the once-majestic garden.
1,Unattended lots became havens for rubbish, attracting pests and vermin.
1,Amidst the quiet neighborhood, piles of rubbish accumulated in overlooked corners.
2,The professor's explanation was pure rubbish.
2,When he spoke, it was all rubbishâ€”no one could understand him.
2,The meeting was filled with rubbish discussions that led nowhere.
2,She wrote a page full of rubbish during the exam.
2,His excuse for being late was utter rubbish.
2,The speech was a mix of rubbish and jumbled phrases.
2,The argument they had was nothing but rubbish.
2,The report was so full of rubbish that it was hard to take seriously.
2,Trying to make sense of his notes was like deciphering rubbish.
2,The conversation turned into complete rubbish after a while.
2,The presentation was a collection of disconnected rubbish.
2,His explanation sounded like complete rubbish to everyone in the room.
2,The instructions were written in such rubbish language that nobody understood.
2,The essay started strong but ended up as pure rubbish.
2,It's hard to believe anything he says; it all sounds like rubbish.
2,The proposal was rejected because it was based on rubbish assumptions.
2,The code he wrote was a mess of rubbish characters.
2,The story she told was a concoction of rubbish and nonsense.
2,The project plan was filled with rubbish milestones and unrealistic goals.
2,The debate turned into a shouting match with each side spouting rubbish.
2,His explanation was so full of rubbish that no one could follow it.
2,The meeting minutes were a record of complete rubbish.
2,The contract was written in legal rubbish that was hard to decipher.
2,The teacher asked a question, and the student responded with utter rubbish.
2,The instructions for assembling the furniture were a puzzle of rubbish.
2,The excuses he gave for not completing the assignment were total rubbish.
2,The interview went downhill when the candidate started talking rubbish.
2,The conversation veered into complete rubbish as everyone spoke at once.
2,The code he wrote was a jumble of rubbish that nobody could debug.
2,The meeting agenda was a list of rubbish items that wasted everyone's time.
2,The explanation provided was nothing but rubbish.
2,The poem started with promise but devolved into sheer rubbish.
2,The speech was a series of disconnected rubbish points.
2,The novel had potential, but the ending was total rubbish.
2,The document was so full of rubbish data that it was useless.
2,The discussion turned into a chaotic exchange of rubbish ideas.
2,The meeting minutes were a summary of total rubbish.
2,The report was rejected because it was filled with nonsensical rubbish.
2,The conversation became a barrage of rubbish arguments.
2,The speech was a rambling collection of rubbish anecdotes.
2,The code he wrote was so full of rubbish errors that it wouldn't run.
2,The explanation given was nothing but rubbish jargon.
2,The excuses for the delay were a string of utter rubbish.
2,The project plan was a roadmap of rubbish deadlines.
2,The presentation started strong but dissolved into complete rubbish.
2,The argument was a clash of rubbish opinions.
2,The document was rejected because it was filled with rubbish information.
2,The novel had potential, but the plot became total rubbish.
2,The discussion turned into a cacophony of rubbish ideas.
2,The interviewee's responses were a stream of total rubbish.
2,The meeting minutes were a summary of complete rubbish.
2,The report was rejected because it was filled with nonsensical rubbish.
2,The conversation became a barrage of rubbish arguments.
2,The speech was a rambling collection of rubbish anecdotes.
2,The code he wrote was so full of rubbish errors that it wouldn't run.
2,The explanation given was nothing but rubbish jargon.
2,The excuses for the delay were a string of utter rubbish.
2,The project plan was a roadmap of rubbish deadlines.
2,The conversation turned into a mess of gibberish and other rubbish.
2,The presentation started strong but dissolved into complete rubbish.
2,The argument was a clash of rubbish opinions.
2,The document was rejected because it was filled with rubbish information.
2,The novel had potential, but the plot became total rubbish.
2,The discussion turned into a cacophony of rubbish ideas.
2,The interviewee's responses were a stream of total rubbish.
2,The meeting minutes were a summary of complete rubbish.
2,The report was rejected because it was filled with nonsensical rubbish.
2,The conversation became a barrage of rubbish arguments.
2,The speech was a rambling collection of rubbish anecdotes.
2,The code he wrote was so full of rubbish errors that it wouldn't run.
2,The explanation given was nothing but rubbish jargon.
2,The excuses for the delay were a string of utter rubbish.
2,The project plan was a roadmap of rubbish deadlines.
2,The presentation started strong but dissolved into complete rubbish.
2,The argument was a clash of rubbish opinions.
2,The document was rejected because it was filled with rubbish information.
2,The novel had potential, but the plot became total rubbish.
2,The discussion turned into a cacophony of rubbish ideas.
2,The interviewee's responses were a stream of total rubbish.
2,The meeting minutes were a summary of complete rubbish.
2,The report was rejected because it was filled with nonsensical rubbish.
2,The conversation became a barrage of rubbish arguments.
2,The speech was a rambling collection of rubbish anecdotes.
2,The code he wrote was so full of rubbish errors that it wouldn't run.
2,The explanation given was nothing but rubbish jargon.
2,The excuses for the delay were a string of utter rubbish.
2,Argument became a collection of rubbish points.
2,Explanation provided was utter rubbish.
2,Interviewee's answers were a stream of total rubbish.
2,Project plan turned into a roadmap of rubbish deadlines.
2,Novel had potential, but plot became total rubbish.
2,Code he wrote was full of rubbish errors.
2,Excuses for the delay were a string of utter rubbish.
2,Presentation started strong but dissolved into complete rubbish.
2,Report was rejected because it was filled with nonsensical rubbish.
2,Discussion turned into a cacophony of rubbish ideas.
2,Meeting minutes were a summary of complete rubbish.
2,Excuse for being late was pure rubbish.
2,Argument they had was nothing but rubbish.
2,Report was so full of rubbish data that it was useless.
2,Excuses he gave for not completing the assignment were total rubbish.
2,Explanation sounded like complete rubbish to everyone in the room.
2,Instructions for assembling the furniture were a puzzle of rubbish.
2,Speech was a series of disconnected rubbish points.
2,Essay started strong but ended up as pure rubbish.
2,Instructions were written in such rubbish language that nobody understood.
2,Code he wrote was a mess of rubbish characters.
2,Story she told was a concoction of rubbish and nonsense.
2,Debate turned into a shouting match with each side spouting rubbish.
2,Explanation was so full of rubbish that no one could follow it.
2,Instructions for the task were a list of rubbish steps.
2,Excuses given were nothing but rubbish excuses.
2,Novel had potential, but the ending was total rubbish.
2,Conversation veered into complete rubbish as everyone spoke at once.
2,Code he wrote was a jumble of rubbish that nobody could debug.
2,Research paper was filled with rubbish arguments.
2,Excuses for not attending were a series of total rubbish.
2,Meeting agenda was a list of rubbish items that wasted everyone's time.
2,Explanation given was nothing but rubbish jargon.
2,Novel had potential, but plot became total rubbish.
2,Document was so full of rubbish data that it was useless.
2,Excuses for the delay were a string of utter rubbish.
2,Project plan was filled with rubbish milestones and unrealistic goals.
2,Conversation turned into complete rubbish after a while.
2,Presentation was a collection of disconnected rubbish.
2,Instructions for the task were a puzzle of rubbish.
2,Argument turned into a barrage of rubbish opinions.
2,Speech was a rambling collection of rubbish anecdotes.
2,Explanation provided was nothing but rubbish.
2,Interviewee's answers were a stream of total rubbish.
2,Excuse for being late was pure rubbish.
2,Code he wrote was a mess of rubbish errors.
2,Instructions were written in such rubbish language that nobody understood.
2,Novel had potential, but the ending was total rubbish.
2,Meeting agenda was a list of rubbish items that wasted everyone's time.
2,Report was rejected because it was filled with nonsensical rubbish.
2,Conversation veered into complete rubbish as everyone spoke at once.
2,Excuses given were nothing but rubbish excuses.
2,Presentation started strong but dissolved into complete rubbish.
2,Argument was a clash of rubbish opinions.
2,Document was rejected because it was filled with rubbish information.
2,Discussion turned into a cacophony of rubbish ideas.
2,Meeting minutes were a summary of complete rubbish.
2,Explanation was so full of rubbish that no one could follow it.
2,Code he wrote was a jumble of rubbish that nobody could debug.
2,Research paper was filled with rubbish arguments.
2,Excuses for not attending were a series of total rubbish.
2,Presentation was a collection of disconnected rubbish.
2,Novel had potential, but plot became total rubbish.
2,Instructions for the task were a puzzle of rubbish.
2,Argument turned into a barrage of rubbish opinions.
2,Speech was a rambling collection of rubbish anecdotes.
2,Document was so full of rubbish data that it was useless.
2,Project plan was filled with rubbish milestones and unrealistic goals.
2,Conversation turned into complete rubbish after a while.
2,Instructions were written in such rubbish language that nobody understood.
2,Explanation provided was nothing but rubbish.
2,Interviewee's answers were a stream of total rubbish.
2,Report was rejected because it was filled with nonsensical rubbish.
2,Excuse for being late was pure rubbish.
2,Code he wrote was a mess of rubbish errors.
2,Argument was a clash of rubbish opinions.
2,Meeting agenda was a list of rubbish items that wasted everyone's time.
2,Novel had potential, but the ending was total rubbish.
2,Conversation veered into complete rubbish as everyone spoke at once.
2,Explanation was so full of rubbish that no one could follow it.
2,Presentation started strong but dissolved into complete rubbish.
2,Research paper was filled with rubbish arguments.
2,Excuses given were nothing but rubbish excuses.
2,Document was rejected because it was filled with rubbish information.
2,Meeting minutes were a summary of complete rubbish.
2,Report was rejected because it was filled with nonsensical rubbish.
2,Code he wrote was a mess of rubbish errors.
2,Instructions for the task were a puzzle of rubbish.
2,Excuses for not attending were a series of total rubbish.
2,Conversation turned into complete rubbish after a while.
2,Novel had potential, but plot became total rubbish.
2,Explanation provided was nothing but rubbish.
2,Project plan was filled with rubbish milestones and unrealistic goals.
2,Argument was a clash of rubbish opinions.
2,Interviewee's answers were a stream of total rubbish.
2,Excuse for being late was pure rubbish.
2,Instructions were written in such rubbish language that nobody understood.
2,Code he wrote was so full of rubbish errors that it wouldn't run.
2,Presentation was a collection of disconnected rubbish.
2,Research paper was filled with rubbish arguments.
2,Meeting agenda was a list of rubbish items that wasted everyone's time.
2,Excuses given were nothing but rubbish excuses.
2,Explanation sounded like complete rubbish to everyone in the room.
2,The novel had potential, but the ending was total rubbish.
2,Instructions for assembling the furniture were a puzzle of rubbish.
2,The discussion turned into a cacophony of rubbish ideas.
2,The document was rejected because it was filled with rubbish information.
2,The excuses he gave for not completing the assignment were total rubbish.
2,The report was so full of rubbish data that it was useless.
2,The conversation became a barrage of rubbish arguments.
2,The poem started with promise but devolved into sheer rubbish.
2,The meeting minutes were a summary of complete rubbish.
2,The code he wrote was a jumble of rubbish that nobody could debug.
2,The explanation was so full of rubbish that no one could follow it.
2,The speech was a series of disconnected rubbish points.
2,The essay started strong but ended up as pure rubbish.
2,The discussion turned into a chaotic exchange of rubbish ideas.
2,The project plan was a roadmap of rubbish deadlines.
2,The instructions were written in such rubbish language that nobody understood.
2,The speech was a rambling collection of rubbish anecdotes.
2,The project plan was a roadmap of rubbish deadlines.
2,The instructions were written in such rubbish language that nobody understood.
2,The presentation started strong but dissolved into complete rubbish.
2,The argument they had was nothing but rubbish.
2,The meeting minutes were a record of complete rubbish.
2,The report was rejected because it was based on rubbish assumptions.
2,The speech was a mix of rubbish and jumbled phrases.
2,The report was so full of rubbish that it was hard to take seriously.
2,The conversation turned into complete rubbish after a while.
2,The presentation was a collection of disconnected rubbish.
2,The explanation sounded like complete rubbish to everyone in the room.
2,The teacher asked a question, and the student responded with utter rubbish.
2,The instructions for assembling the furniture were a puzzle of rubbish.
2,The novel had potential, but the ending was total rubbish.
2,The discussion turned into a cacophony of rubbish ideas.
2,The interviewee's answers were a stream of total rubbish.
2,The meeting minutes were a summary of total rubbish.
2,The meeting agenda was a list of rubbish items that wasted everyone's time.
2,The argument turned into a shouting match with each side spouting rubbish.
2,The code he wrote was a mess of rubbish characters.
2,The meeting agenda was a list of rubbish items that wasted everyone's time.
2,The debate turned into a shouting match with each side spouting rubbish.
2,The instructions for assembling the furniture were a puzzle of rubbish.
2,The project plan was filled with rubbish milestones and unrealistic goals.
2,The conversation turned into a chaotic exchange of rubbish ideas.
2,The interview went downhill when the candidate started talking rubbish.
2,The conversation turned into a chaotic exchange of rubbish ideas.
2,The instructions for assembling the furniture were a puzzle of rubbish.
2,The conversation turned into complete rubbish after a while.
2,The report was so full of rubbish data that it was useless.
2,The meeting minutes were a record of complete rubbish.
2,The code he wrote was a jumble of rubbish that nobody could debug.
2,The novel had potential, but the ending was total rubbish.
2,The discussion turned into a cacophony of rubbish ideas.
2,The presentation was a collection of disconnected rubbish.
2,The project plan was filled with rubbish milestones and unrealistic goals.
2,The instructions for assembling the furniture were a puzzle of rubbish.
2,The debate turned into a shouting match with each side spouting rubbish.
2,The meeting agenda was a list of rubbish items that wasted everyone's time.
2,The instructions for assembling the furniture were a puzzle of rubbish.
2,The conversation turned into a chaotic exchange of rubbish ideas.
2,The novel had potential, but the ending was total rubbish.
2,The interview went downhill when the candidate started talking rubbish.
2,The conversation turned into complete rubbish after a while.
2,The instructions for assembling the furniture were a puzzle of rubbish.
2,The project plan was filled with rubbish milestones and unrealistic goals.
2,The argument turned into a shouting match with each side spouting rubbish.